Season,Dayzero,Regionw,Regionx,Regiony,Regionz
1985,10/29/1984,East,West,Midwest,Southeast
1986,10/28/1985,East,Midwest,Southeast,West
1987,10/27/1986,East,Southeast,Midwest,West
1988,11/02/1987,East,Midwest,Southeast,West
1989,10/31/1988,East,West,Midwest,Southeast
1990,10/30/1989,East,Midwest,Southeast,West
1991,10/29/1990,East,Southeast,Midwest,West
1992,11/04/1991,East,West,Midwest,Southeast
1993,11/02/1992,East,Midwest,Southeast,West
1994,11/01/1993,East,Southeast,Midwest,West
1995,10/31/1994,East,West,Midwest,Southeast
1996,10/30/1995,East,Midwest,Southeast,West
1997,10/28/1996,East,Southeast,Midwest,West
1998,10/27/1997,East,West,Midwest,South
1999,10/26/1998,East,Midwest,South,West
2000,11/01/1999,East,South,Midwest,West
2001,10/30/2000,East,West,Midwest,South
2002,10/29/2001,East,Midwest,South,West
2003,11/04/2002,East,South,Midwest,West
2004,11/03/2003,Atlanta,Phoenix,EastRutherford,StLouis
2005,11/01/2004,Albuquerque,Chicago,Austin,Syracuse
2006,10/31/2005,Atlanta,Oakland,Minneapolis,WashingtonDC
2007,10/30/2006,East,South,Midwest,West
2008,11/05/2007,East,Midwest,South,West
2009,11/03/2008,East,South,Midwest,West
2010,11/02/2009,East,South,Midwest,West
2011,11/01/2010,East,West,Southeast,Southwest
2012,10/31/2011,East,Midwest,South,West
2013,11/05/2012,East,South,Midwest,West
2014,11/04/2013,East,South,Midwest,West
2015,11/03/2014,East,South,Midwest,West
2016,11/02/2015,East,South,Midwest,West
